train_acc,train_loss,val_acc,val_loss
0.033389473684210524,4.3108425,0.055600000000000004,4.068496
0.06943157894736843,3.994577,0.0916,3.8258147
